{"train_losses": [0.25367133308649065, 0.11452427284419536, 0.09832158153504134, 0.08659225424155594, 0.08174652966633439, 0.07870370236076414, 0.07377337417155504, 0.06988528445512056, 0.07037042536437511, 0.07490661410205066], "val_losses": [0.10340643697712995, 0.0709316508160739, 0.0630573153000655, 0.06684537270825498, 0.05172348476333331, 0.0624700727153428, 0.05218493838535174, 0.05410587357333566, 0.04638278744584303, 0.04905130422402975], "train_accuracies": [0.92655, 0.9606, 0.9662, 0.96835, 0.97025, 0.9702, 0.97335, 0.97365, 0.9741, 0.97275], "val_accuracies": [0.9624, 0.978, 0.9784, 0.974, 0.9832, 0.9784, 0.9812, 0.9792, 0.9852, 0.9824]}