{"train_losses": [0.26505045170485975, 0.11394901467263699, 0.0929203939884901, 0.08827692898511887, 0.07986038926057518, 0.0770652561109513, 0.07490819488242269, 0.06989700042791665, 0.06755597821231932, 0.06497145334146917], "val_losses": [0.09762056789632086, 0.0754755625289075, 0.05946627045875486, 0.06064102429707971, 0.0531530166516387, 0.05273898212899324, 0.04780753978374827, 0.05102493084637048, 0.05522129257339277, 0.05196597159006102], "train_accuracies": [0.9195, 0.9613, 0.96665, 0.96825, 0.9708, 0.9717, 0.97345, 0.97345, 0.9748, 0.97485], "val_accuracies": [0.972, 0.9772, 0.9812, 0.9824, 0.9808, 0.9812, 0.9856, 0.9828, 0.9812, 0.9816]}